dropout_rate,mean_mse,std_mse
0.0,0.06390643984880626,0.004262798608633372
0.1,0.08320933836957829,0.007828177371541952
0.2,0.09500915075419437,0.003974276897466856
0.3,0.12119123585674219,0.01290589863386889
0.4,0.1625995796966167,0.022147472727761276
0.5,0.23707859278443788,0.01544414955643244
